{
  "Ansi 7 Color (Light)" : {
    "Red Component" : 0.7810397744178772,
    "Color Space" : "sRGB",
    "Blue Component" : 0.78104829788208008,
    "Alpha Component" : 1,
    "Green Component" : 0.78105825185775757
  },
  "Ansi 15 Color (Light)" : {
    "Red Component" : 0.99999600648880005,
    "Color Space" : "sRGB",
    "Blue Component" : 1,
    "Alpha Component" : 1,
    "Green Component" : 1
  },
  "Ansi 2 Color (Light)" : {
    "Red Component" : 0,
    "Color Space" : "sRGB",
    "Blue Component" : 0,
    "Alpha Component" : 1,
    "Green Component" : 0.7607843279838562
  },
  "Bold Color" : {
    "Red Component" : 0.062745101749897003,
    "Color Space" : "sRGB",
    "Blue Component" : 0.062745101749897003,
    "Alpha Component" : 1,
    "Green Component" : 0.062745101749897003
  },
  "Ansi 1 Color (Dark)" : {
    "Green Component" : 0,
    "Blue Component" : 0,
    "Red Component" : 0.80000001192092896
  },
  "Use Bright Bold" : true,
  "Ansi 9 Color (Light)" : {
    "Red Component" : 0.8659515380859375,
    "Color Space" : "sRGB",
    "Blue Component" : 0.45833224058151245,
    "Alpha Component" : 1,
    "Green Component" : 0.47524076700210571
  },
  "Ansi 8 Color (Dark)" : {
    "Green Component" : 0.34117648005485535,
    "Blue Component" : 0.32549020648002625,
    "Red Component" : 0.3333333432674408
  },
  "Background Color" : {
    "Red Component" : 0.97999999999999998,
    "Color Space" : "sRGB",
    "Blue Component" : 0.97999999999999998,
    "Alpha Component" : 1,
    "Green Component" : 0.97999999999999998
  },
  "Columns" : 80,
  "Ansi 8 Color" : {
    "Red Component" : 0.40781760215759277,
    "Color Space" : "sRGB",
    "Blue Component" : 0.4078223705291748,
    "Alpha Component" : 1,
    "Green Component" : 0.40782788395881653
  },
  "Right Option Key Sends" : 0,
  "Ansi 4 Color (Light)" : {
    "Red Component" : 0.15404300391674042,
    "Color Space" : "sRGB",
    "Blue Component" : 0.78216177225112915,
    "Alpha Component" : 1,
    "Green Component" : 0.26474356651306152
  },
  "Blinking Cursor" : false,
  "Selected Text Color (Light)" : {
    "Red Component" : 0,
    "Color Space" : "sRGB",
    "Blue Component" : 0,
    "Alpha Component" : 1,
    "Green Component" : 0
  },
  "Selected Text Color (Dark)" : {
    "Green Component" : 0,
    "Blue Component" : 0,
    "Red Component" : 0
  },
  "Ansi 3 Color (Dark)" : {
    "Green Component" : 0.62745100259780884,
    "Blue Component" : 0,
    "Red Component" : 0.76862746477127075
  },
  "Keyboard Map" : {
    "0xf703-0x280000" : {
      "Version" : 2,
      "Apply Mode" : 0,
      "Action" : 10,
      "Text" : "f",
      "Escaping" : 1
    },
    "0x7f-0x80000" : {
      "Version" : 2,
      "Apply Mode" : 0,
      "Action" : 11,
      "Text" : "0x1b 0x08",
      "Escaping" : 1
    },
    "0xf703-0x300000" : {
      "Version" : 2,
      "Apply Mode" : 0,
      "Action" : 11,
      "Text" : "0x5",
      "Escaping" : 1
    },
    "0xf728-0x80000" : {
      "Version" : 2,
      "Apply Mode" : 0,
      "Action" : 10,
      "Text" : "d",
      "Escaping" : 1
    },
    "0xf703-0x220000-0x7c" : {
      "Version" : 2,
      "Apply Mode" : 0,
      "Action" : 46,
      "Text" : "0",
      "Escaping" : 2
    },
    "0xf702-0x280000" : {
      "Version" : 2,
      "Apply Mode" : 0,
      "Action" : 10,
      "Text" : "b",
      "Escaping" : 1
    },
    "0xf703-0x2a0000-0x7c" : {
      "Version" : 2,
      "Apply Mode" : 0,
      "Action" : 46,
      "Text" : "1",
      "Escaping" : 2
    },
    "0xf702-0x2a0000-0x7b" : {
      "Version" : 2,
      "Apply Mode" : 0,
      "Action" : 47,
      "Text" : "1",
      "Escaping" : 2
    },
    "0xf702-0x300000" : {
      "Version" : 2,
      "Apply Mode" : 0,
      "Action" : 11,
      "Text" : "0x1",
      "Escaping" : 1
    },
    "0xf728-0x0" : {
      "Version" : 2,
      "Apply Mode" : 0,
      "Action" : 11,
      "Text" : "0x4",
      "Escaping" : 1
    },
    "0xf702-0x220000-0x7b" : {
      "Version" : 2,
      "Apply Mode" : 0,
      "Action" : 47,
      "Text" : "0",
      "Escaping" : 2
    },
    "0x7f-0x100000" : {
      "Version" : 2,
      "Apply Mode" : 0,
      "Action" : 11,
      "Text" : "0x15",
      "Escaping" : 1
    }
  },
  "Visual Bell" : true,
  "Cursor Text Color" : {
    "Red Component" : 1,
    "Color Space" : "sRGB",
    "Blue Component" : 1,
    "Alpha Component" : 1,
    "Green Component" : 1
  },
  "Scrollback Lines" : 1000,
  "Selection Color (Light)" : {
    "Red Component" : 0.70196080207824707,
    "Color Space" : "sRGB",
    "Blue Component" : 1,
    "Alpha Component" : 1,
    "Green Component" : 0.84313726425170898
  },
  "Ansi 0 Color" : {
    "Red Component" : 0.078431375324726105,
    "Color Space" : "sRGB",
    "Blue Component" : 0.11764705926179886,
    "Alpha Component" : 1,
    "Green Component" : 0.098039217293262482
  },
  "Match Background Color (Dark)" : {
    "Red Component" : 1,
    "Color Space" : "P3",
    "Blue Component" : 0,
    "Alpha Component" : 1,
    "Green Component" : 1
  },
  "Ansi 11 Color (Light)" : {
    "Red Component" : 0.9259033203125,
    "Color Space" : "sRGB",
    "Blue Component" : 0,
    "Alpha Component" : 1,
    "Green Component" : 0.8833775520324707
  },
  "Ansi 5 Color (Dark)" : {
    "Green Component" : 0.31372550129890442,
    "Blue Component" : 0.48235294222831726,
    "Red Component" : 0.45882353186607361
  },
  "Cursor Text Color (Light)" : {
    "Red Component" : 1,
    "Color Space" : "sRGB",
    "Blue Component" : 1,
    "Alpha Component" : 1,
    "Green Component" : 1
  },
  "Silence Bell" : false,
  "Rows" : 25,
  "Guid" : "15E34585-002D-475C-B6C2-68ADF0D387A0",
  "Ansi 14 Color (Dark)" : {
    "Green Component" : 0.88627451658248901,
    "Blue Component" : 0.88627451658248901,
    "Red Component" : 0.20392157137393951
  },
  "Ansi 15 Color (Dark)" : {
    "Green Component" : 0.93333333730697632,
    "Blue Component" : 0.92549020051956177,
    "Red Component" : 0.93333333730697632
  },
  "Ansi 0 Color (Dark)" : {
    "Green Component" : 0.20392157137393951,
    "Blue Component" : 0.21176470816135406,
    "Red Component" : 0.18039216101169586
  },
  "Ambiguous Double Width" : false,
  "Option Key Sends" : 0,
  "Ansi 3 Color" : {
    "Red Component" : 0.78058648109436035,
    "Color Space" : "sRGB",
    "Blue Component" : 0,
    "Alpha Component" : 1,
    "Green Component" : 0.76959484815597534
  },
  "Window Type" : 0,
  "BM Growl" : true,
  "Prompt Before Closing 2" : false,
  "Command" : "\/bin\/bash",
  "Selected Text Color" : {
    "Red Component" : 0,
    "Color Space" : "sRGB",
    "Blue Component" : 0,
    "Alpha Component" : 1,
    "Green Component" : 0
  },
  "Ansi 14 Color (Light)" : {
    "Red Component" : 0.37597531080245972,
    "Color Space" : "sRGB",
    "Blue Component" : 1,
    "Alpha Component" : 1,
    "Green Component" : 0.99263292551040649
  },
  "Cursor Guide Color (Dark)" : {
    "Red Component" : 0.74862593412399292,
    "Color Space" : "P3",
    "Blue Component" : 0.99125725030899048,
    "Alpha Component" : 0.25,
    "Green Component" : 0.92047786712646484
  },
  "Send Code When Idle" : false,
  "Ansi 6 Color" : {
    "Red Component" : 0,
    "Color Space" : "sRGB",
    "Blue Component" : 0.78166204690933228,
    "Alpha Component" : 1,
    "Green Component" : 0.77425903081893921
  },
  "Jobs to Ignore" : [
    "rlogin",
    "ssh",
    "slogin",
    "telnet"
  ],
  "Badge Color (Dark)" : {
    "Red Component" : 0.92929404973983765,
    "Color Space" : "P3",
    "Blue Component" : 0.13960540294647217,
    "Alpha Component" : 0.5,
    "Green Component" : 0.25479039549827576
  },
  "Cursor Color" : {
    "Red Component" : 0,
    "Color Space" : "sRGB",
    "Blue Component" : 0,
    "Alpha Component" : 1,
    "Green Component" : 0
  },
  "Vertical Spacing" : 1,
  "Disable Window Resizing" : true,
  "Close Sessions On End" : true,
  "Selection Color (Dark)" : {
    "Green Component" : 0.8353000283241272,
    "Blue Component" : 1,